text,intent
would you launch spotify,launch_app
hey assistant run notepad,launch_app
launch spotify,launch_app
please open file explorer,launch_app
could you open chrome,launch_app
can you run notepad for me,launch_app
open file explorer right now,launch_app
open calculator,launch_app
open chrome,launch_app
start vscode,launch_app
bring up chrome for me,launch_app
please bring up chrome,launch_app
launch spotify if you can,launch_app
open calculator,launch_app
please boot vscode please,launch_app
open file explorer if you can,launch_app
run notepad,launch_app
open chrome,launch_app
open calculator,launch_app
run notepad,launch_app
fire up spotify if you can,launch_app
start vscode for me,launch_app
open calculator,launch_app
could you launch spotify for me,launch_app
start vscode if you can,launch_app
would you open file explorer,launch_app
can you open chrome,launch_app
bring up chrome please,launch_app
run notepad,launch_app
please bring up chrome,launch_app
fire up spotify,launch_app
could you boot vscode,launch_app
run notepad,launch_app
open file explorer right now,launch_app
fire up spotify for me,launch_app
open file explorer please,launch_app
could you launch spotify,launch_app
please fire up spotify right now,launch_app
do me a favor and boot vscode please,launch_app
launch spotify,launch_app
open file explorer,launch_app
please bring up chrome,launch_app
start vscode if you can,launch_app
open file explorer,launch_app
open file explorer,launch_app
open calculator,launch_app
could you open file explorer if you can,launch_app
do me a favor and start vscode please,launch_app
bring up chrome please,launch_app
bring up chrome,launch_app
could you open calculator,launch_app
please launch spotify,launch_app
launch spotify,launch_app
open file explorer,launch_app
start vscode,launch_app
do me a favor and open file explorer,launch_app
fire up spotify,launch_app
open file explorer,launch_app
run notepad,launch_app
fire up spotify,launch_app
bring up chrome right now,launch_app
can you launch spotify,launch_app
do me a favor and bring up chrome,launch_app
can you run notepad please,launch_app
can you open chrome,launch_app
could you bring up chrome,launch_app
open calculator,launch_app
hey assistant run notepad right now,launch_app
run notepad,launch_app
can you fire up spotify,launch_app
fire up spotify right now,launch_app
boot vscode,launch_app
open chrome,launch_app
hey assistant launch spotify,launch_app
bring up chrome,launch_app
could you launch spotify,launch_app
open file explorer right now,launch_app
start vscode for me,launch_app
launch spotify please,launch_app
open chrome,launch_app
open file explorer,launch_app
launch spotify,launch_app
please run notepad,launch_app
please boot vscode,launch_app
can you open chrome,launch_app
fire up spotify right now,launch_app
open calculator right now,launch_app
could you start vscode,launch_app
do me a favor and open chrome please,launch_app
do me a favor and bring up chrome,launch_app
do me a favor and boot vscode for me,launch_app
open chrome,launch_app
launch spotify,launch_app
hey assistant launch spotify for me,launch_app
do me a favor and fire up spotify,launch_app
can you run notepad please,launch_app
fire up spotify,launch_app
open file explorer if you can,launch_app
run notepad,launch_app
please bring up chrome,launch_app
start vscode,launch_app
open calculator please,launch_app
open chrome please,launch_app
do me a favor and launch spotify if you can,launch_app
start vscode,launch_app
launch spotify,launch_app
bring up chrome right now,launch_app
open file explorer,launch_app
do me a favor and open file explorer,launch_app
open calculator,launch_app
launch spotify,launch_app
start vscode please,launch_app
would you open file explorer,launch_app
run notepad,launch_app
run notepad,launch_app
would you open calculator please,launch_app
would you launch spotify please,launch_app
open chrome for me,launch_app
please open calculator,launch_app
open file explorer,launch_app
can you open file explorer,launch_app
would you start vscode for me,launch_app
would you fire up spotify,launch_app
bring up chrome,launch_app
open chrome,launch_app
run notepad,launch_app
launch spotify right now,launch_app
start vscode,launch_app
run notepad,launch_app
start vscode,launch_app
would you open chrome,launch_app
fire up spotify,launch_app
run notepad please,launch_app
fire up spotify,launch_app
please boot vscode,launch_app
bring up chrome for me,launch_app
could you run notepad,launch_app
fire up spotify please,launch_app
open calculator right now,launch_app
open file explorer please,launch_app
launch spotify,launch_app
would you open calculator,launch_app
please open chrome,launch_app
bring up chrome,launch_app
bring up chrome please,launch_app
fire up spotify,launch_app
run notepad right now,launch_app
do me a favor and open chrome for me,launch_app
bring up chrome if you can,launch_app
bring up chrome,launch_app
launch spotify,launch_app
hey assistant open calculator right now,launch_app
bring up chrome if you can,launch_app
please open file explorer,launch_app
fire up spotify,launch_app
would you start vscode right now,launch_app
open file explorer,launch_app
open calculator right now,launch_app
bring up chrome right now,launch_app
hey assistant run notepad for me,launch_app
launch spotify if you can,launch_app
launch spotify,launch_app
run notepad,launch_app
run notepad,launch_app
could you start vscode,launch_app
can you boot vscode right now,launch_app
fire up spotify,launch_app
run notepad,launch_app
fire up spotify for me,launch_app
start vscode,launch_app
open chrome,launch_app
launch spotify,launch_app
hey assistant run notepad,launch_app
open file explorer for me,launch_app
launch spotify right now,launch_app
open file explorer,launch_app
bring up chrome,launch_app
hey assistant boot vscode right now,launch_app
open file explorer for me,launch_app
boot vscode for me,launch_app
terminate discord,close_app
stop notepad for me,close_app
terminate discord if you can,close_app
close notepad if you can,close_app
could you stop notepad,close_app
close notepad for me,close_app
please close notepad,close_app
please shut chrome please,close_app
close notepad,close_app
kill spotify,close_app
close chrome,close_app
kill spotify if you can,close_app
terminate discord,close_app
hey assistant kill spotify for me,close_app
please close this app,close_app
would you close this app,close_app
kill spotify,close_app
close this app,close_app
please stop notepad,close_app
please close chrome,close_app
exit vscode,close_app
please exit vscode,close_app
would you shut chrome,close_app
shut chrome,close_app
kill spotify right now,close_app
terminate discord,close_app
do me a favor and close this app,close_app
close chrome,close_app
can you shut chrome,close_app
close chrome,close_app
can you close notepad,close_app
please exit vscode,close_app
could you quit spotify right now,close_app
terminate discord,close_app
hey assistant exit vscode please,close_app
exit vscode,close_app
would you quit spotify right now,close_app
kill spotify,close_app
hey assistant close notepad,close_app
would you close notepad,close_app
quit spotify,close_app
close chrome right now,close_app
hey assistant shut chrome,close_app
please shut chrome,close_app
would you close this app,close_app
close this app,close_app
do me a favor and kill spotify,close_app
do me a favor and terminate discord right now,close_app
close this app if you can,close_app
shut chrome,close_app
quit spotify right now,close_app
close notepad,close_app
kill spotify right now,close_app
could you shut chrome,close_app
shut chrome,close_app
shut chrome if you can,close_app
could you stop notepad,close_app
please quit spotify,close_app
could you close this app right now,close_app
close this app please,close_app
quit spotify right now,close_app
close notepad if you can,close_app
would you close this app right now,close_app
stop notepad right now,close_app
terminate discord for me,close_app
quit spotify,close_app
do me a favor and shut chrome,close_app
hey assistant exit vscode,close_app
close this app if you can,close_app
quit spotify,close_app
could you terminate discord,close_app
do me a favor and terminate discord,close_app
exit vscode please,close_app
stop notepad for me,close_app
can you close this app,close_app
terminate discord right now,close_app
can you shut chrome,close_app
terminate discord,close_app
can you close this app,close_app
kill spotify please,close_app
do me a favor and exit vscode,close_app
could you terminate discord,close_app
please quit spotify for me,close_app
stop notepad right now,close_app
terminate discord,close_app
kill spotify please,close_app
quit spotify,close_app
would you close notepad please,close_app
do me a favor and exit vscode,close_app
please quit spotify,close_app
close this app,close_app
close this app for me,close_app
terminate discord,close_app
could you close this app,close_app
terminate discord,close_app
close notepad for me,close_app
exit vscode,close_app
could you exit vscode,close_app
do me a favor and terminate discord if you can,close_app
hey assistant close this app,close_app
terminate discord,close_app
please terminate discord right now,close_app
please quit spotify if you can,close_app
could you terminate discord,close_app
close chrome,close_app
could you terminate discord right now,close_app
stop notepad,close_app
do me a favor and terminate discord,close_app
please kill spotify please,close_app
close this app if you can,close_app
shut chrome,close_app
exit vscode right now,close_app
terminate discord,close_app
kill spotify,close_app
can you stop notepad,close_app
shut chrome please,close_app
kill spotify,close_app
close chrome,close_app
stop notepad please,close_app
do me a favor and close notepad right now,close_app
jump to discord,switch_app
bring discord to front for me,switch_app
switch to file explorer right now,switch_app
hey assistant switch to vscode,switch_app
bring discord to front,switch_app
do me a favor and switch to file explorer right now,switch_app
can you switch to vscode,switch_app
jump to discord,switch_app
focus on spotify if you can,switch_app
switch over to spotify,switch_app
focus on vscode,switch_app
do me a favor and jump to discord,switch_app
focus on spotify for me,switch_app
switch to vscode right now,switch_app
bring chrome to front,switch_app
switch over to spotify please,switch_app
switch to file explorer,switch_app
jump to discord,switch_app
would you jump to discord if you can,switch_app
switch over to spotify,switch_app
focus on vscode if you can,switch_app
bring discord to front,switch_app
could you bring discord to front right now,switch_app
switch to chrome right now,switch_app
focus on vscode for me,switch_app
jump to discord,switch_app
do me a favor and focus on spotify if you can,switch_app
switch to vscode,switch_app
please jump to discord,switch_app
switch to chrome,switch_app
focus on vscode,switch_app
would you focus on spotify,switch_app
please bring chrome to front please,switch_app
bring chrome to front,switch_app
switch over to spotify if you can,switch_app
jump to discord,switch_app
could you switch to chrome if you can,switch_app
bring discord to front,switch_app
focus on vscode,switch_app
switch to vscode if you can,switch_app
can you switch to chrome,switch_app
switch to file explorer right now,switch_app
please focus on spotify,switch_app
can you focus on spotify,switch_app
could you focus on vscode right now,switch_app
hey assistant focus on spotify,switch_app
switch to file explorer please,switch_app
jump to discord,switch_app
please switch over to spotify,switch_app
bring chrome to front,switch_app
please switch to file explorer if you can,switch_app
jump to discord,switch_app
bring discord to front,switch_app
please jump to discord,switch_app
hey assistant bring chrome to front if you can,switch_app
switch to chrome,switch_app
focus on vscode please,switch_app
jump to discord,switch_app
switch to file explorer,switch_app
would you bring discord to front for me,switch_app
hey assistant bring discord to front for me,switch_app
switch to vscode,switch_app
switch to chrome right now,switch_app
hey assistant switch to chrome for me,switch_app
switch to vscode,switch_app
bring chrome to front,switch_app
do me a favor and focus on spotify,switch_app
would you bring chrome to front for me,switch_app
switch to file explorer,switch_app
jump to discord,switch_app
switch to file explorer,switch_app
bring chrome to front,switch_app
jump to discord,switch_app
focus on spotify,switch_app
bring discord to front,switch_app
focus on vscode,switch_app
switch over to spotify right now,switch_app
switch to chrome please,switch_app
jump to discord if you can,switch_app
focus on vscode,switch_app
could you bring chrome to front,switch_app
do me a favor and jump to discord,switch_app
bring chrome to front,switch_app
hey assistant bring discord to front right now,switch_app
can you switch to file explorer for me,switch_app
switch to chrome,switch_app
switch to file explorer,switch_app
do me a favor and switch to vscode,switch_app
focus on spotify if you can,switch_app
switch over to spotify for me,switch_app
focus on vscode,switch_app
would you jump to discord please,switch_app
please bring chrome to front,switch_app
bring discord to front,switch_app
switch to vscode,switch_app
hey assistant bring chrome to front if you can,switch_app
switch to chrome for me,switch_app
switch to vscode,switch_app
could you jump to discord,switch_app
would you switch to chrome,switch_app
bring discord to front,switch_app
do me a favor and bring discord to front,switch_app
could you bring discord to front if you can,switch_app
focus on spotify,switch_app
switch to chrome for me,switch_app
could you focus on spotify please,switch_app
would you switch to chrome,switch_app
can you bring discord to front for me,switch_app
hey assistant switch to file explorer,switch_app
hey assistant focus on vscode please,switch_app
jump to discord if you can,switch_app
please switch over to spotify for me,switch_app
switch to chrome,switch_app
switch over to spotify please,switch_app
switch to chrome,switch_app
focus on vscode please,switch_app
jump to discord,switch_app
can you jump to discord,switch_app
can you bring chrome to front for me,switch_app
do me a favor and switch to file explorer if you can,switch_app
look up cuda setup,web_search
search reddit for ai right now,web_search
search youtube for python tutorial,web_search
search youtube for python tutorial,web_search
give me a web overview of ai safety for me,web_search
show me latest startup news right now,web_search
look up cuda setup please,web_search
find internships in ai if you can,web_search
google pytorch docs,web_search
can you what does the web say about intermittent fasting,web_search
find best gpu under 30000 if you can,web_search
do me a favor and look up latest ai news if you can,web_search
search youtube for python tutorial right now,web_search
google weather in delhi,web_search
search reddit for ai for me,web_search
look up latest ai news,web_search
get me an online overview of quantum computing,web_search
google pytorch docs,web_search
would you google pytorch docs,web_search
get me an online overview of quantum computing,web_search
hey assistant search for machine learning roadmap if you can,web_search
hey assistant search for machine learning roadmap,web_search
search reddit for ai,web_search
could you google pytorch docs,web_search
hey assistant look up cuda setup,web_search
do me a favor and search for machine learning roadmap,web_search
give me a web overview of ai safety right now,web_search
would you find internships in ai,web_search
find internships in ai,web_search
find best gpu under 30000,web_search
do me a favor and look up latest ai news,web_search
google weather in delhi,web_search
what are people saying online about electric cars right now,web_search
please what does the web say about intermittent fasting if you can,web_search
give me a web overview of ai safety,web_search
search youtube for python tutorial please,web_search
search reddit for ai,web_search
would you what does the web say about intermittent fasting please,web_search
get me an online overview of quantum computing please,web_search
could you search for machine learning roadmap,web_search
look up latest ai news,web_search
search reddit for ai please,web_search
what does the web say about intermittent fasting,web_search
do me a favor and show me tech news,web_search
hey assistant get me an online overview of quantum computing if you can,web_search
find best gpu under 30000 please,web_search
can you show me latest startup news,web_search
do me a favor and find internships in ai right now,web_search
show me latest startup news right now,web_search
search for machine learning roadmap,web_search
show me tech news,web_search
give me a web overview of electric vehicles,web_search
can you google pytorch docs,web_search
get me an online overview of quantum computing right now,web_search
find best gpu under 30000 if you can,web_search
could you find internships in ai,web_search
can you find best gpu under 30000 for me,web_search
google pytorch docs for me,web_search
would you get me an online overview of quantum computing,web_search
could you give me a web overview of ai safety,web_search
hey assistant find best gpu under 30000,web_search
what does the web say about intermittent fasting right now,web_search
find internships in ai,web_search
can you find internships in ai,web_search
what does the web say about intermittent fasting if you can,web_search
would you what are people saying online about electric cars please,web_search
search reddit for ai please,web_search
google weather in delhi if you can,web_search
can you find best gpu under 30000 right now,web_search
hey assistant give me a web overview of electric vehicles please,web_search
give me a web overview of electric vehicles,web_search
give me a web overview of ai safety right now,web_search
look up latest ai news,web_search
would you give me a web overview of electric vehicles,web_search
could you find best gpu under 30000 please,web_search
get me an online overview of quantum computing,web_search
do me a favor and give me a web overview of electric vehicles for me,web_search
google pytorch docs if you can,web_search
look up cuda setup if you can,web_search
google weather in delhi,web_search
can you find internships in ai,web_search
look up cuda setup for me,web_search
hey assistant find internships in ai,web_search
look up latest ai news,web_search
search reddit for ai,web_search
hey assistant look up cuda setup,web_search
find best gpu under 30000 right now,web_search
find internships in ai,web_search
please find best gpu under 30000 if you can,web_search
search for machine learning roadmap for me,web_search
give me a web overview of ai safety right now,web_search
could you give me a web overview of ai safety,web_search
can you look up latest ai news,web_search
google weather in delhi,web_search
could you look up latest ai news for me,web_search
show me tech news,web_search
show me tech news,web_search
google weather in delhi for me,web_search
hey assistant give me a web overview of electric vehicles right now,web_search
would you get me an online overview of quantum computing right now,web_search
give me a web overview of ai safety right now,web_search
give me a web overview of electric vehicles,web_search
please look up cuda setup for me,web_search
give me a web overview of ai safety,web_search
look up latest ai news,web_search
would you google weather in delhi please,web_search
search youtube for python tutorial for me,web_search
what are people saying online about electric cars for me,web_search
could you show me latest startup news,web_search
give me a web overview of electric vehicles,web_search
search for machine learning roadmap right now,web_search
can you google pytorch docs,web_search
would you google pytorch docs,web_search
search youtube for python tutorial,web_search
find internships in ai,web_search
please look up latest ai news,web_search
look up latest ai news,web_search
what does the web say about intermittent fasting please,web_search
could you find best gpu under 30000,web_search
hey assistant look up latest ai news right now,web_search
search youtube for python tutorial,web_search
get me an online overview of quantum computing please,web_search
get me an online overview of quantum computing right now,web_search
please find best gpu under 30000,web_search
do me a favor and search for machine learning roadmap for me,web_search
look up latest ai news please,web_search
please google pytorch docs,web_search
show me tech news,web_search
would you find best gpu under 30000 please,web_search
search for machine learning roadmap right now,web_search
would you google weather in delhi if you can,web_search
search for machine learning roadmap please,web_search
hey assistant google pytorch docs,web_search
search youtube for python tutorial,web_search
would you find internships in ai,web_search
find internships in ai,web_search
show me tech news,web_search
give me a web overview of electric vehicles,web_search
could you what does the web say about intermittent fasting please,web_search
could you give me a web overview of electric vehicles,web_search
google weather in delhi,web_search
google weather in delhi if you can,web_search
look up cuda setup,web_search
what does the web say about intermittent fasting for me,web_search
search reddit for ai please,web_search
find internships in ai if you can,web_search
show me latest startup news,web_search
give me a web overview of electric vehicles,web_search
look up cuda setup for me,web_search
what does the web say about intermittent fasting,web_search
google pytorch docs,web_search
what are people saying online about electric cars,web_search
do me a favor and show me latest startup news,web_search
would you show me tech news please,web_search
find best gpu under 30000 if you can,web_search
search reddit for ai right now,web_search
show me tech news,web_search
google pytorch docs if you can,web_search
show me latest startup news please,web_search
find best gpu under 30000,web_search
look up cuda setup for me,web_search
do me a favor and search for machine learning roadmap,web_search
can you give me a web overview of electric vehicles,web_search
get me an online overview of quantum computing,web_search
google pytorch docs please,web_search
look up latest ai news,web_search
google pytorch docs please,web_search
please look up latest ai news if you can,web_search
can you what are people saying online about electric cars,web_search
search for machine learning roadmap,web_search
do me a favor and what does the web say about intermittent fasting please,web_search
what are people saying online about electric cars,web_search
do me a favor and give me a web overview of electric vehicles,web_search
search reddit for ai,web_search
could you what does the web say about intermittent fasting,web_search
find best gpu under 30000 right now,web_search
find best gpu under 30000,web_search
find internships in ai,web_search
would you find best gpu under 30000 if you can,web_search
show me tech news,web_search
temperature in tokyo,weather_query
could you temperature in cairo,weather_query
please temperature in tokyo,weather_query
weather in london if you can,weather_query
forecast in singapore,weather_query
can you temperature in cairo,weather_query
forecast for dubai right now,weather_query
temperature in cairo right now,weather_query
would you forecast for dubai,weather_query
forecast for dubai if you can,weather_query
temperature in tokyo,weather_query
could you temperature in cairo for me,weather_query
can you show weather for mumbai please,weather_query
could you temperature in cairo,weather_query
temperature in tokyo for me,weather_query
tell me weather in paris,weather_query
temperature in cairo,weather_query
forecast for dubai if you can,weather_query
do me a favor and temperature in tokyo please,weather_query
do me a favor and temperature in cairo for me,weather_query
temperature in tokyo,weather_query
tell me weather in paris,weather_query
weather in london,weather_query
hey assistant weather in london,weather_query
weather in berlin in fahrenheit,weather_query
can you show weather for mumbai right now,weather_query
temperature in cairo if you can,weather_query
hey assistant forecast in singapore,weather_query
show weather for mumbai please,weather_query
please weather in london,weather_query
forecast in singapore if you can,weather_query
temperature in tokyo if you can,weather_query
tell me weather in paris,weather_query
temperature in tokyo,weather_query
would you temperature in cairo for me,weather_query
please forecast in singapore,weather_query
can you what is the weather in new york,weather_query
weather in berlin in fahrenheit,weather_query
could you show weather for mumbai,weather_query
tell me weather in paris,weather_query
could you tell me weather in paris,weather_query
forecast in singapore,weather_query
forecast in singapore if you can,weather_query
please forecast in singapore,weather_query
temperature in cairo for me,weather_query
can you what is the weather in new york please,weather_query
weather in berlin in fahrenheit right now,weather_query
can you weather in berlin in fahrenheit right now,weather_query
temperature in tokyo,weather_query
tell me weather in paris,weather_query
can you tell me weather in paris,weather_query
do me a favor and temperature in cairo,weather_query
do me a favor and weather in berlin in fahrenheit,weather_query
forecast in singapore,weather_query
weather in berlin in fahrenheit,weather_query
can you forecast for dubai,weather_query
show weather for mumbai if you can,weather_query
temperature in cairo,weather_query
do me a favor and temperature in tokyo,weather_query
can you show weather for mumbai please,weather_query
temperature in tokyo,weather_query
could you forecast in singapore for me,weather_query
tell me weather in paris,weather_query
do me a favor and tell me weather in paris,weather_query
do me a favor and weather in berlin in fahrenheit right now,weather_query
weather in berlin in fahrenheit please,weather_query
tell me weather in paris please,weather_query
hey assistant show weather for mumbai please,weather_query
forecast in singapore for me,weather_query
could you weather in london right now,weather_query
temperature in tokyo,weather_query
hey assistant what is the weather in new york,weather_query
please forecast for dubai,weather_query
tell me weather in paris right now,weather_query
what is the weather in new york right now,weather_query
weather in london,weather_query
would you temperature in cairo,weather_query
would you forecast in singapore for me,weather_query
forecast in singapore,weather_query
hey assistant tell me weather in paris if you can,weather_query
could you forecast in singapore,weather_query
could you weather in berlin in fahrenheit if you can,weather_query
weather in berlin in fahrenheit,weather_query
forecast in singapore if you can,weather_query
temperature in cairo,weather_query
weather in berlin in fahrenheit right now,weather_query
show weather for mumbai,weather_query
temperature in tokyo if you can,weather_query
forecast for dubai right now,weather_query
weather in berlin in fahrenheit,weather_query
do me a favor and what is the weather in new york,weather_query
weather in berlin in fahrenheit,weather_query
do me a favor and weather in berlin in fahrenheit,weather_query
hey assistant what is the weather in new york,weather_query
could you temperature in cairo,weather_query
would you weather in london,weather_query
could you forecast in singapore,weather_query
weather in london,weather_query
temperature in tokyo right now,weather_query
forecast in singapore,weather_query
weather in berlin in fahrenheit please,weather_query
forecast for dubai,weather_query
hey assistant what is the weather in new york please,weather_query
temperature in tokyo for me,weather_query
weather in london,weather_query
show weather for mumbai,weather_query
temperature in tokyo,weather_query
weather in berlin in fahrenheit,weather_query
weather in london please,weather_query
tell me weather in paris right now,weather_query
temperature in tokyo,weather_query
forecast in singapore please,weather_query
please tell me weather in paris,weather_query
weather in berlin in fahrenheit,weather_query
weather in london,weather_query
could you weather in berlin in fahrenheit for me,weather_query
show weather for mumbai,weather_query
temperature in cairo right now,weather_query
could you forecast for dubai,weather_query
forecast in singapore for me,weather_query
weather in london for me,weather_query
forecast in singapore,weather_query
tell me weather in paris please,weather_query
weather in berlin in fahrenheit,weather_query
can you what is the weather in new york,weather_query
forecast in singapore right now,weather_query
temperature in cairo,weather_query
weather in berlin in fahrenheit,weather_query
weather in berlin in fahrenheit for me,weather_query
what is the weather in new york,weather_query
hey assistant forecast in singapore,weather_query
tell me weather in paris right now,weather_query
temperature in cairo,weather_query
what is the weather in new york,weather_query
do me a favor and forecast for dubai if you can,weather_query
forecast for dubai,weather_query
do me a favor and forecast for dubai,weather_query
do me a favor and temperature in cairo,weather_query
do me a favor and temperature in tokyo,weather_query
could you forecast in singapore,weather_query
do me a favor and forecast in singapore,weather_query
forecast in singapore,weather_query
please forecast in singapore,weather_query
do me a favor and forecast in singapore right now,weather_query
weather in berlin in fahrenheit,weather_query
show weather for mumbai please,weather_query
can you what is the weather in new york right now,weather_query
tell me weather in paris,weather_query
temperature in cairo,weather_query
forecast for dubai,weather_query
please forecast in singapore,weather_query
temperature in tokyo,weather_query
show weather for mumbai right now,weather_query
forecast in singapore,weather_query
show weather for mumbai for me,weather_query
do me a favor and tell me weather in paris,weather_query
hey assistant show weather for mumbai for me,weather_query
weather in london,weather_query
weather in berlin in fahrenheit right now,weather_query
temperature in cairo for me,weather_query
visit reddit for me,open_website
hey assistant open stackoverflow,open_website
hey assistant go to youtube,open_website
can you visit huggingface for me,open_website
do me a favor and visit reddit,open_website
open github.com please,open_website
visit reddit,open_website
visit huggingface for me,open_website
would you open github.com,open_website
visit reddit,open_website
hey assistant open github if you can,open_website
visit reddit for me,open_website
would you open wikipedia page,open_website
do me a favor and open stackoverflow,open_website
please open wikipedia right now,open_website
open github.com,open_website
visit huggingface,open_website
open github,open_website
please visit huggingface,open_website
open wikipedia,open_website
could you go to kaggle,open_website
open stackoverflow,open_website
open wikipedia,open_website
please open github.com for me,open_website
could you visit huggingface,open_website
please open github if you can,open_website
could you go to youtube please,open_website
open stackoverflow please,open_website
do me a favor and go to youtube,open_website
could you open wikipedia page,open_website
open github please,open_website
visit reddit,open_website
go to youtube,open_website
go to kaggle,open_website
visit reddit for me,open_website
open wikipedia page if you can,open_website
visit huggingface if you can,open_website
open stackoverflow right now,open_website
hey assistant go to kaggle,open_website
go to kaggle,open_website
open github,open_website
open github please,open_website
visit reddit,open_website
open github.com right now,open_website
would you open stackoverflow,open_website
visit reddit for me,open_website
hey assistant go to kaggle if you can,open_website
open stackoverflow,open_website
go to kaggle,open_website
go to kaggle if you can,open_website
do me a favor and open wikipedia,open_website
do me a favor and go to kaggle,open_website
can you open github.com please,open_website
open github.com for me,open_website
go to youtube,open_website
please open github.com,open_website
hey assistant open github,open_website
go to kaggle,open_website
do me a favor and open github.com,open_website
do me a favor and visit huggingface,open_website
would you open stackoverflow please,open_website
open wikipedia page,open_website
visit huggingface,open_website
can you open wikipedia,open_website
could you open wikipedia page,open_website
open wikipedia page if you can,open_website
open stackoverflow,open_website
go to youtube right now,open_website
hey assistant go to kaggle for me,open_website
open stackoverflow,open_website
go to youtube,open_website
please open github.com,open_website
can you visit huggingface please,open_website
please open wikipedia,open_website
can you open github please,open_website
hey assistant visit reddit,open_website
go to kaggle please,open_website
open stackoverflow,open_website
would you open github.com,open_website
open github.com,open_website
open wikipedia,open_website
visit huggingface,open_website
could you open stackoverflow,open_website
visit huggingface,open_website
open wikipedia page for me,open_website
would you go to youtube please,open_website
go to youtube please,open_website
do me a favor and open github right now,open_website
would you open github,open_website
go to kaggle if you can,open_website
open wikipedia page,open_website
do me a favor and visit huggingface,open_website
do me a favor and visit huggingface,open_website
open stackoverflow,open_website
could you go to youtube,open_website
visit huggingface,open_website
open wikipedia,open_website
open github please,open_website
open github.com,open_website
go to kaggle if you can,open_website
could you go to youtube,open_website
visit huggingface right now,open_website
would you go to youtube,open_website
do me a favor and open wikipedia page,open_website
open github,open_website
open github.com right now,open_website
go to youtube,open_website
open wikipedia page,open_website
could you visit reddit right now,open_website
would you open wikipedia,open_website
open stackoverflow please,open_website
open wikipedia right now,open_website
open stackoverflow please,open_website
open github for me,open_website
could you go to kaggle right now,open_website
can you go to youtube,open_website
visit huggingface right now,open_website
open github right now,open_website
open wikipedia for me,open_website
go to kaggle right now,open_website
pause music playback right now,play_media
play chill beats,play_media
pause music playback right now,play_media
do me a favor and pause music playback,play_media
do me a favor and start my local playlist for me,play_media
play top hits,play_media
play blinding lights on spotify,play_media
next track,play_media
start my local playlist if you can,play_media
pause the current song,play_media
pause the current song,play_media
play coding soundtrack right now,play_media
could you play shape of you if you can,play_media
please play top hits,play_media
play coding soundtrack right now,play_media
play chill beats right now,play_media
hey assistant previous track right now,play_media
would you previous track,play_media
start some music,play_media
can you previous track please,play_media
hey assistant play coding soundtrack,play_media
do me a favor and pause music playback,play_media
hey assistant play blinding lights on spotify right now,play_media
play coding soundtrack right now,play_media
would you play lofi mix on youtube,play_media
do me a favor and start my local playlist for me,play_media
next track right now,play_media
play coding soundtrack,play_media
would you start some music please,play_media
please next track,play_media
skip this track,play_media
play lofi mix on youtube,play_media
would you start some music,play_media
pause music playback for me,play_media
previous track right now,play_media
play lofi mix on youtube right now,play_media
can you pause music playback,play_media
play coding soundtrack,play_media
play blinding lights on spotify,play_media
could you play top hits,play_media
skip this track,play_media
do me a favor and start my local playlist for me,play_media
please pause music playback for me,play_media
play coding soundtrack for me,play_media
please play shape of you right now,play_media
play blinding lights on spotify,play_media
do me a favor and skip this track,play_media
resume the song for me,play_media
start my local playlist please,play_media
do me a favor and play chill beats,play_media
play shape of you for me,play_media
hey assistant next track,play_media
pause the current song if you can,play_media
play chill beats right now,play_media
would you play chill beats,play_media
pause the current song for me,play_media
pause the current song,play_media
play coding soundtrack please,play_media
can you play top hits,play_media
start my local playlist for me,play_media
pause music playback,play_media
previous track for me,play_media
play chill beats for me,play_media
hey assistant next track for me,play_media
would you previous track,play_media
please play shape of you,play_media
would you play chill beats,play_media
play blinding lights on spotify for me,play_media
pause the current song right now,play_media
resume the song,play_media
resume the song,play_media
next track please,play_media
could you play chill beats,play_media
could you play relaxing piano music,play_media
previous track right now,play_media
play chill beats,play_media
play coding soundtrack please,play_media
do me a favor and play chill beats,play_media
pause the current song,play_media
previous track,play_media
play blinding lights on spotify,play_media
please next track please,play_media
start some music,play_media
can you play coding soundtrack,play_media
next track please,play_media
next track,play_media
play lofi mix on youtube,play_media
hey assistant start my local playlist,play_media
play chill beats,play_media
pause the current song,play_media
play top hits for me,play_media
could you play coding soundtrack,play_media
would you play coding soundtrack,play_media
previous track for me,play_media
pause music playback,play_media
play relaxing piano music if you can,play_media
hey assistant pause the current song please,play_media
play shape of you,play_media
play coding soundtrack please,play_media
play relaxing piano music,play_media
play shape of you,play_media
hey assistant play shape of you,play_media
pause music playback,play_media
play coding soundtrack,play_media
resume the song if you can,play_media
play top hits right now,play_media
can you play lofi mix on youtube right now,play_media
previous track,play_media
start some music,play_media
pause music playback right now,play_media
hey assistant pause music playback please,play_media
start some music,play_media
play top hits,play_media
pause music playback,play_media
could you play coding soundtrack right now,play_media
would you pause the current song,play_media
pause music playback,play_media
could you pause music playback right now,play_media
play coding soundtrack please,play_media
please play blinding lights on spotify,play_media
could you play blinding lights on spotify,play_media
next track right now,play_media
start my local playlist,play_media
hey assistant skip this track,play_media
would you play relaxing piano music,play_media
play lofi mix on youtube,play_media
hey assistant play relaxing piano music,play_media
can you skip this track right now,play_media
play top hits for me,play_media
resume the song,play_media
could you start some music,play_media
do me a favor and next track,play_media
please start my local playlist please,play_media
play blinding lights on spotify,play_media
please pause the current song,play_media
can you start some music,play_media
start my local playlist please,play_media
play lofi mix on youtube if you can,play_media
play shape of you for me,play_media
play top hits,play_media
do me a favor and play shape of you,play_media
could you play blinding lights on spotify right now,play_media
pause music playback,play_media
play top hits,play_media
skip this track right now,play_media
can you pause the current song,play_media
play shape of you,play_media
play chill beats,play_media
pause music playback,play_media
pause music playback,play_media
mute volume please,system_volume
do me a favor and mute volume if you can,system_volume
what volume are we on,system_volume
set volume to 50 percent,system_volume
set sound to zero,system_volume
do me a favor and mute volume for me,system_volume
unmute speakers please,system_volume
what volume are we on,system_volume
mute volume please,system_volume
mute volume please,system_volume
volume up,system_volume
set volume to 50 percent,system_volume
do me a favor and what is the current volume,system_volume
set volume to 30 for me,system_volume
what volume are we on please,system_volume
can you set volume to 50 percent if you can,system_volume
can you mute volume,system_volume
what volume are we on if you can,system_volume
set sound to zero,system_volume
what volume are we on right now,system_volume
do me a favor and increase volume for me,system_volume
can you set volume to max,system_volume
volume up,system_volume
would you what volume are we on,system_volume
hey assistant set volume to 30 please,system_volume
set volume to max,system_volume
unmute speakers,system_volume
can you mute volume,system_volume
do me a favor and set volume to 30,system_volume
hey assistant volume down,system_volume
unmute speakers,system_volume
hey assistant decrease volume,system_volume
decrease volume,system_volume
decrease volume if you can,system_volume
hey assistant volume up if you can,system_volume
decrease volume if you can,system_volume
unmute speakers,system_volume
what volume are we on,system_volume
what is the current volume,system_volume
would you set volume to max please,system_volume
increase volume by 5 if you can,system_volume
set volume to 50 percent for me,system_volume
can you what is the current volume,system_volume
volume down,system_volume
do me a favor and increase volume,system_volume
can you set volume to 50 percent,system_volume
would you mute volume,system_volume
set volume to 30,system_volume
decrease volume,system_volume
hey assistant set volume to 50 percent right now,system_volume
mute volume right now,system_volume
unmute speakers please,system_volume
volume down please,system_volume
do me a favor and decrease volume,system_volume
set volume to 50 percent,system_volume
increase volume,system_volume
set volume to max,system_volume
set volume to max right now,system_volume
set volume to 50 percent if you can,system_volume
volume down,system_volume
please unmute speakers if you can,system_volume
volume down,system_volume
what volume are we on,system_volume
unmute speakers,system_volume
what volume are we on,system_volume
please decrease volume,system_volume
would you set volume to 50 percent,system_volume
set sound to zero,system_volume
set volume to 50 percent,system_volume
set volume to 50 percent,system_volume
set volume to 30,system_volume
unmute speakers for me,system_volume
volume up,system_volume
set volume to 30 please,system_volume
decrease volume,system_volume
could you increase volume,system_volume
volume up if you can,system_volume
increase volume by 5,system_volume
do me a favor and increase volume for me,system_volume
set sound to zero,system_volume
can you increase volume right now,system_volume
set sound to zero,system_volume
mute volume if you can,system_volume
what volume are we on if you can,system_volume
what is the current volume for me,system_volume
increase volume,system_volume
decrease volume,system_volume
can you volume down,system_volume
decrease volume if you can,system_volume
would you set volume to 30,system_volume
would you what volume are we on,system_volume
increase volume by 5 please,system_volume
hey assistant increase volume,system_volume
set volume to max,system_volume
could you unmute speakers if you can,system_volume
could you decrease volume,system_volume
what is the current volume please,system_volume
set sound to zero for me,system_volume
set volume to 50 percent,system_volume
do me a favor and increase volume by 5 for me,system_volume
increase brightness for me,system_brightness
could you increase brightness,system_brightness
please decrease brightness,system_brightness
what is current brightness,system_brightness
do me a favor and set display to 70 percent,system_brightness
brightness half,system_brightness
can you increase brightness,system_brightness
brightness max,system_brightness
decrease brightness by 10,system_brightness
increase brightness,system_brightness
how bright is the screen please,system_brightness
do me a favor and decrease brightness by 10,system_brightness
set brightness to 60,system_brightness
set brightness to 60 right now,system_brightness
set display to 70 percent if you can,system_brightness
brightness max,system_brightness
brightness half for me,system_brightness
do me a favor and set brightness to 40 percent for me,system_brightness
set display to 70 percent right now,system_brightness
screen brighter please,system_brightness
brightness half right now,system_brightness
do me a favor and brightness max for me,system_brightness
set display to 70 percent,system_brightness
screen brighter,system_brightness
set brightness to 60,system_brightness
what is current brightness right now,system_brightness
what is current brightness,system_brightness
screen brighter if you can,system_brightness
do me a favor and decrease brightness,system_brightness
would you brightness max,system_brightness
set brightness to 40 percent,system_brightness
do me a favor and decrease brightness by 10 for me,system_brightness
hey assistant decrease brightness,system_brightness
brightness max please,system_brightness
how bright is the screen,system_brightness
please brightness max if you can,system_brightness
do me a favor and decrease brightness,system_brightness
what is current brightness,system_brightness
screen brightness low please,system_brightness
screen brightness low,system_brightness
do me a favor and dim the screen for me,system_brightness
how bright is the screen,system_brightness
could you decrease brightness by 10 right now,system_brightness
could you set brightness to 40 percent,system_brightness
do me a favor and dim the screen,system_brightness
do me a favor and decrease brightness by 10,system_brightness
brightness max,system_brightness
what is current brightness,system_brightness
how bright is the screen,system_brightness
could you what is current brightness,system_brightness
dim the screen,system_brightness
decrease brightness,system_brightness
screen brighter,system_brightness
increase brightness right now,system_brightness
would you dim the screen,system_brightness
could you what is current brightness,system_brightness
screen brightness low,system_brightness
please how bright is the screen if you can,system_brightness
decrease brightness,system_brightness
screen brighter,system_brightness
dim the screen,system_brightness
brightness max,system_brightness
decrease brightness if you can,system_brightness
can you decrease brightness,system_brightness
screen brightness low,system_brightness
set brightness to 60,system_brightness
how bright is the screen,system_brightness
would you set brightness to 40 percent,system_brightness
how bright is the screen,system_brightness
can you brightness max right now,system_brightness
decrease brightness please,system_brightness
brightness max if you can,system_brightness
can you decrease brightness if you can,system_brightness
could you decrease brightness by 10,system_brightness
brightness max,system_brightness
what is current brightness please,system_brightness
please screen brightness low,system_brightness
decrease brightness by 10,system_brightness
decrease brightness,system_brightness
decrease brightness by 10,system_brightness
can you turn off airplane mode right now,power_control
switch monitor off,power_control
please enable battery saver mode,power_control
put pc to sleep,power_control
restart computer if you can,power_control
turn bluetooth on,power_control
put pc to sleep right now,power_control
turn off monitor,power_control
lock the workstation,power_control
put pc to sleep right now,power_control
shutdown system for me,power_control
wifi off now,power_control
would you turn off monitor,power_control
enable wifi,power_control
disable battery saver,power_control
lock the workstation if you can,power_control
can you turn bluetooth off,power_control
please enable battery saver for me,power_control
restart computer right now,power_control
put pc to sleep right now,power_control
could you enable wifi,power_control
can you turn off monitor right now,power_control
hibernate now right now,power_control
reboot machine if you can,power_control
please put pc to sleep for me,power_control
turn off airplane mode,power_control
can you turn off airplane mode,power_control
turn bluetooth on if you can,power_control
disable wifi,power_control
hey assistant switch monitor off,power_control
hey assistant enable battery saver mode,power_control
turn off airplane mode,power_control
disable battery saver,power_control
can you switch monitor off,power_control
enable battery saver,power_control
disable battery saver,power_control
enable battery saver mode,power_control
could you reboot machine right now,power_control
hey assistant turn bluetooth off,power_control
do me a favor and restart computer for me,power_control
hibernate now,power_control
could you turn off pc,power_control
enable wifi,power_control
can you lock my computer,power_control
enable battery saver mode for me,power_control
wifi off now please,power_control
put pc to sleep right now,power_control
lock the workstation if you can,power_control
put computer to sleep please,power_control
please wifi off now please,power_control
do me a favor and disable battery saver,power_control
can you switch monitor off please,power_control
switch monitor off,power_control
turn bluetooth off,power_control
turn off airplane mode,power_control
turn bluetooth on right now,power_control
can you switch monitor off for me,power_control
turn bluetooth on right now,power_control
restart computer if you can,power_control
please disable wifi,power_control
turn bluetooth on,power_control
shutdown system if you can,power_control
turn bluetooth off right now,power_control
could you enable battery saver mode,power_control
lock my computer right now,power_control
turn on airplane mode right now,power_control
could you wifi off now right now,power_control
enable wifi,power_control
disable battery saver,power_control
put computer to sleep,power_control
could you restart computer please,power_control
turn bluetooth off,power_control
do me a favor and enable battery saver,power_control
could you switch monitor off,power_control
enable wifi,power_control
can you disable wifi,power_control
turn off airplane mode,power_control
turn bluetooth on right now,power_control
put computer to sleep please,power_control
would you enable battery saver mode,power_control
could you reboot machine right now,power_control
would you switch monitor off for me,power_control
turn bluetooth on,power_control
put pc to sleep right now,power_control
do me a favor and restart computer,power_control
enable wifi,power_control
could you wifi on now,power_control
turn bluetooth on,power_control
hey assistant put computer to sleep,power_control
shutdown system for me,power_control
can you wifi on now,power_control
disable wifi if you can,power_control
wifi on now right now,power_control
turn off airplane mode for me,power_control
turn off pc right now,power_control
do me a favor and switch monitor off,power_control
enable battery saver mode,power_control
do me a favor and turn off airplane mode if you can,power_control
turn bluetooth off,power_control
would you reboot machine,power_control
open display panel if you can,system_settings
open privacy settings,system_settings
open display panel for me,system_settings
take me to app settings,system_settings
open wifi settings,system_settings
open battery settings if you can,system_settings
can you open display panel,system_settings
open display panel if you can,system_settings
open privacy settings,system_settings
open battery saver settings please,system_settings
open battery settings,system_settings
open battery settings,system_settings
open airplane mode settings,system_settings
open sound settings,system_settings
open display panel,system_settings
open display panel if you can,system_settings
show display settings,system_settings
can you take me to app settings,system_settings
would you open update settings,system_settings
open airplane settings,system_settings
show display settings,system_settings
open airplane mode settings,system_settings
open sound settings if you can,system_settings
open battery saver settings,system_settings
open airplane mode settings if you can,system_settings
open update settings,system_settings
hey assistant open update settings,system_settings
do me a favor and open battery settings please,system_settings
open update settings,system_settings
hey assistant take me to app settings,system_settings
please open battery saver settings please,system_settings
could you show display settings,system_settings
open airplane mode settings right now,system_settings
show display settings for me,system_settings
open bluetooth settings for me,system_settings
can you open airplane mode settings right now,system_settings
could you open privacy settings,system_settings
open battery settings,system_settings
open update settings,system_settings
please open bluetooth settings,system_settings
open display panel right now,system_settings
open update settings please,system_settings
would you take me to app settings,system_settings
open wifi settings,system_settings
hey assistant take me to app settings,system_settings
could you open wifi settings for me,system_settings
open airplane settings,system_settings
please open privacy settings,system_settings
could you take me to app settings please,system_settings
open wifi settings if you can,system_settings
open update settings,system_settings
please open battery settings for me,system_settings
open airplane mode settings,system_settings
open update settings for me,system_settings
show display settings,system_settings
could you open battery saver settings,system_settings
open airplane settings,system_settings
open sound settings,system_settings
can you open battery settings if you can,system_settings
open airplane settings,system_settings
open wifi settings if you can,system_settings
do me a favor and take me to app settings please,system_settings
can you open display panel,system_settings
open wifi settings,system_settings
open battery saver settings please,system_settings
take me to app settings for me,system_settings
open sound settings,system_settings
please open display panel,system_settings
do me a favor and open display panel,system_settings
hey assistant open privacy settings for me,system_settings
open battery saver settings,system_settings
do me a favor and open bluetooth settings please,system_settings
can you open privacy settings,system_settings
could you open update settings,system_settings
open privacy settings,system_settings
open sound settings right now,system_settings
do me a favor and open privacy settings,system_settings
open update settings,system_settings
open airplane settings,system_settings
can you open airplane mode settings,system_settings
what is the difference between ram and storage,general_qa
can you what is the distance between earth and moon,general_qa
hey assistant tell me about photosynthesis,general_qa
why does my laptop fan run loudly,general_qa
how does gps work if you can,general_qa
tell me about black holes please,general_qa
what is the speed of light,general_qa
tell me about insulin resistance if you can,general_qa
what is the purpose of a firewall,general_qa
why does my laptop fan run loudly,general_qa
could you why is the sky blue,general_qa
how many continents are there right now,general_qa
tell me about tcp and udp,general_qa
what is the difference between ram and storage if you can,general_qa
please what is the speed of light,general_qa
what is a secure password right now,general_qa
is seven a prime number,general_qa
hey assistant how many continents are there,general_qa
what causes earthquakes,general_qa
do me a favor and how many continents are there,general_qa
is seven a prime number,general_qa
please how does bluetooth pairing work,general_qa
hey assistant define precision recall for me,general_qa
is seven a prime number,general_qa
what is two factor authentication,general_qa
would you how does bluetooth pairing work,general_qa
hey assistant explain gradient descent,general_qa
tell me about cloud computing,general_qa
how does gps work,general_qa
hey assistant what is f1 score please,general_qa
what is the purpose of a firewall,general_qa
what is cloud computing right now,general_qa
what is the capital of japan,general_qa
tell me about data structures,general_qa
could you what causes earthquakes,general_qa
tell me about photosynthesis,general_qa
what is the distance between earth and moon,general_qa
how much is 15 percent of 200,general_qa
would you explain gradient descent,general_qa
do me a favor and what causes earthquakes right now,general_qa
what are signs of cpu overheating,general_qa
what is the difference between ram and storage right now,general_qa
what is the difference between ram and storage,general_qa
how does bluetooth pairing work right now,general_qa
please how does photosynthesis work,general_qa
can you why is the sky blue please,general_qa
tell me about convolutional neural networks,general_qa
hey assistant tell me about data structures,general_qa
what is a secure password,general_qa
what is overfitting,general_qa
how does gps work,general_qa
do me a favor and what is f1 score right now,general_qa
what is overfitting,general_qa
hey assistant what is two factor authentication,general_qa
would you how does gps work,general_qa
would you tell me about insulin resistance please,general_qa
why is the sky blue,general_qa
hey assistant what is the distance between earth and moon,general_qa
do me a favor and why is my internet unstable,general_qa
please why do we need sleep,general_qa
what does airplane mode do for me,general_qa
please what is f1 score,general_qa
why is the sky blue,general_qa
what is two factor authentication,general_qa
how does bluetooth pairing work for me,general_qa
hey assistant what is the distance between earth and moon,general_qa
please what causes earthquakes right now,general_qa
tell me about photosynthesis,general_qa
what is the speed of light,general_qa
what is the speed of light,general_qa
hey assistant who wrote pride and prejudice,general_qa
please explain gradient descent right now,general_qa
what is cloud computing if you can,general_qa
tell me about insulin resistance for me,general_qa
who wrote pride and prejudice if you can,general_qa
tell me about data structures,general_qa
could you tell me about data structures for me,general_qa
tell me about insulin resistance,general_qa
who wrote pride and prejudice,general_qa
hey assistant what is the speed of light if you can,general_qa
what is two factor authentication,general_qa
tell me about data structures right now,general_qa
tell me about the human immune system right now,general_qa
can you what is reinforcement learning right now,general_qa
can you what is the capital of japan,general_qa
why do we need sleep for me,general_qa
tell me about insulin resistance,general_qa
what is the capital of japan,general_qa
do me a favor and tell me about insulin resistance,general_qa
why is the sky blue right now,general_qa
hey assistant why does my laptop fan run loudly for me,general_qa
tell me about data structures if you can,general_qa
what causes earthquakes,general_qa
how do i improve focus while studying if you can,general_qa
hey assistant tell me about data structures,general_qa
please tell me about black holes,general_qa
how does gps work,general_qa
what is overfitting,general_qa
tell me about the human immune system,general_qa
why do we need sleep,general_qa
why do we need sleep for me,general_qa
could you how much is 15 percent of 200,general_qa
can you tell me about photosynthesis,general_qa
what is the purpose of a firewall if you can,general_qa
would you who wrote pride and prejudice,general_qa
what is reinforcement learning for me,general_qa
would you why is the sky blue,general_qa
what causes earthquakes,general_qa
tell me about convolutional neural networks if you can,general_qa
how much is 15 percent of 200,general_qa
could you explain gradient descent please,general_qa
do me a favor and tell me about photosynthesis,general_qa
tell me about the human immune system if you can,general_qa
how does gps work,general_qa
what is f1 score if you can,general_qa
what does airplane mode do,general_qa
tell me about cloud computing please,general_qa
what is two factor authentication,general_qa
hey assistant how does bluetooth pairing work,general_qa
what is cloud computing,general_qa
explain gradient descent please,general_qa
how do i improve focus while studying if you can,general_qa
how does photosynthesis work,general_qa
do me a favor and what is overfitting right now,general_qa
hey assistant what is the distance between earth and moon,general_qa
why do we need sleep please,general_qa
do me a favor and why does my laptop fan run loudly,general_qa
can you tell me about the human immune system,general_qa
what does airplane mode do,general_qa
what does airplane mode do,general_qa
what is the purpose of a firewall,general_qa
hey assistant what does airplane mode do right now,general_qa
how much is 15 percent of 200,general_qa
hey assistant what is the capital of japan,general_qa
can you what is f1 score,general_qa
would you what causes earthquakes,general_qa
could you tell me about data structures,general_qa
tell me about black holes right now,general_qa
what are signs of cpu overheating please,general_qa
how do i improve focus while studying,general_qa
hey assistant tell me about the human immune system,general_qa
how much is 15 percent of 200,general_qa
why is the sky blue,general_qa
how much is 15 percent of 200 please,general_qa
tell me about insulin resistance,general_qa
would you tell me about convolutional neural networks right now,general_qa
how do i improve focus while studying please,general_qa
could you is seven a prime number,general_qa
who wrote pride and prejudice,general_qa
tell me about the human immune system for me,general_qa
tell me about convolutional neural networks,general_qa
what is overfitting,general_qa
do me a favor and what is reinforcement learning for me,general_qa
do me a favor and what is two factor authentication,general_qa
can you what are signs of cpu overheating if you can,general_qa
what does airplane mode do,general_qa
hey assistant define precision recall,general_qa
could you tell me about photosynthesis,general_qa
would you how does gps work for me,general_qa
do me a favor and what is two factor authentication,general_qa
what causes earthquakes,general_qa
tell me about data structures please,general_qa
tell me about insulin resistance,general_qa
hey assistant tell me about black holes,general_qa
what is the distance between earth and moon,general_qa
hey assistant define precision recall,general_qa
do me a favor and what is cloud computing,general_qa
how much is 15 percent of 200,general_qa
explain gradient descent if you can,general_qa
tell me about convolutional neural networks,general_qa
would you what is the capital of japan if you can,general_qa
would you what is the purpose of a firewall,general_qa
what is cloud computing,general_qa
what is the purpose of a firewall if you can,general_qa
who wrote pride and prejudice,general_qa
what is f1 score,general_qa
what is a secure password if you can,general_qa
could you what is the distance between earth and moon please,general_qa
tell me about tcp and udp,general_qa
who wrote pride and prejudice,general_qa
why do we need sleep please,general_qa
how much is 15 percent of 200,general_qa
do me a favor and tell me about photosynthesis right now,general_qa
what does airplane mode do,general_qa
tell me about data structures right now,general_qa
what is the capital of japan for me,general_qa
do me a favor and tell me about insulin resistance,general_qa
would you tell me about photosynthesis,general_qa
could you tell me about photosynthesis,general_qa
how many continents are there,general_qa
who wrote pride and prejudice for me,general_qa
what is the capital of japan,general_qa
is seven a prime number,general_qa
please why is the sky blue,general_qa
would you how does gps work,general_qa
could you how does gps work,general_qa
tell me about cloud computing,general_qa
what is overfitting right now,general_qa
hey assistant why is the sky blue,general_qa
do me a favor and explain gradient descent,general_qa
tell me about tcp and udp,general_qa
do me a favor and tell me about black holes for me,general_qa
how do i improve focus while studying,general_qa
can you what is overfitting if you can,general_qa
how do i improve focus while studying,general_qa
would you how does gps work if you can,general_qa
what is the distance between earth and moon,general_qa
could you what is reinforcement learning right now,general_qa
do me a favor and how many continents are there,general_qa
could you tell me about tcp and udp,general_qa
how many continents are there please,general_qa
how does gps work if you can,general_qa
what is two factor authentication right now,general_qa
could you is seven a prime number,general_qa
can you why is my internet unstable,general_qa
could you who wrote pride and prejudice for me,general_qa
do me a favor and tell me about photosynthesis,general_qa
would you what is the capital of japan,general_qa
please what is the speed of light please,general_qa
tell me about insulin resistance,general_qa
what does airplane mode do right now,general_qa
please is seven a prime number,general_qa
what is the capital of japan,general_qa
do me a favor and what is the speed of light if you can,general_qa
how many continents are there,general_qa
what is f1 score,general_qa
please how much is 15 percent of 200,general_qa
could you who wrote pride and prejudice,general_qa
tell me about cloud computing,general_qa
tell me about photosynthesis,general_qa
could you what is the capital of japan right now,general_qa
why is the sky blue,general_qa
can you tell me about the human immune system please,general_qa
is seven a prime number,general_qa
tell me about the human immune system,general_qa
would you what is the purpose of a firewall please,general_qa
tell me about cloud computing right now,general_qa
how do i improve focus while studying please,general_qa
please what is the purpose of a firewall,general_qa
how does gps work,general_qa
what is the difference between ram and storage right now,general_qa
hey assistant tell me about black holes,general_qa
can you what is reinforcement learning please,general_qa
how do i improve focus while studying,general_qa
explain gradient descent please,general_qa
what is the capital of japan if you can,general_qa
tell me about black holes,general_qa
do me a favor and what is the purpose of a firewall if you can,general_qa
what are signs of cpu overheating,general_qa
do me a favor and why is my internet unstable right now,general_qa
what is the speed of light right now,general_qa
tell me about black holes,general_qa
define precision recall,general_qa
what are signs of cpu overheating,general_qa
what is two factor authentication,general_qa
how does bluetooth pairing work,general_qa
do me a favor and how many continents are there,general_qa
what are signs of cpu overheating,general_qa
hey assistant tell me about data structures please,general_qa
how many continents are there please,general_qa
what is the difference between ram and storage,general_qa
is seven a prime number,general_qa
would you what is the purpose of a firewall,general_qa
how does gps work please,general_qa
how do i improve focus while studying,general_qa
do me a favor and what are signs of cpu overheating if you can,general_qa
what causes earthquakes,general_qa
please what is the speed of light please,general_qa
why do we need sleep,general_qa
tell me about cloud computing please,general_qa
could you tell me about photosynthesis for me,general_qa
why is the sky blue please,general_qa
would you how many continents are there,general_qa
what are signs of cpu overheating right now,general_qa
do me a favor and what are signs of cpu overheating please,general_qa
how much is 15 percent of 200,general_qa
tell me about data structures if you can,general_qa
define precision recall,general_qa
could you tell me about tcp and udp,general_qa
what is a secure password,general_qa
what is reinforcement learning right now,general_qa
can you tell me about photosynthesis,general_qa
tell me about photosynthesis please,general_qa
tell me about photosynthesis,general_qa
tell me about the human immune system,general_qa
tell me about black holes,general_qa
could you how do i improve focus while studying if you can,general_qa
what is a secure password,general_qa
how does photosynthesis work if you can,general_qa
how much is 15 percent of 200 for me,general_qa
how does gps work,general_qa
why is my internet unstable,general_qa
hey assistant tell me about cloud computing if you can,general_qa
what is cloud computing right now,general_qa
could you what is f1 score,general_qa
is seven a prime number for me,general_qa
hey assistant tell me about tcp and udp,general_qa
why do we need sleep for me,general_qa
what is cloud computing,general_qa
could you tell me about black holes,general_qa
what is cloud computing,general_qa
can you define precision recall,general_qa
what is two factor authentication,general_qa
do me a favor and what is the distance between earth and moon please,general_qa
is seven a prime number if you can,general_qa
what is the distance between earth and moon,general_qa
tell me about tcp and udp if you can,general_qa
do me a favor and what are signs of cpu overheating,general_qa
please who wrote pride and prejudice,general_qa
is seven a prime number,general_qa
please why is the sky blue for me,general_qa
what is a secure password,general_qa
tell me about cloud computing please,general_qa
what is reinforcement learning,general_qa
would you how do i improve focus while studying if you can,general_qa
would you tell me about black holes,general_qa
what is cloud computing if you can,general_qa
please what is overfitting,general_qa
what does airplane mode do if you can,general_qa
what is overfitting,general_qa
read the text on screen for me,vision_query
read the current screen,vision_query
describe this image,vision_query
please recognize objects from camera,vision_query
hey assistant analyze camera snapshot,vision_query
what do you see please,vision_query
what do you see for me,vision_query
hey assistant analyze this picture if you can,vision_query
recognize objects from camera if you can,vision_query
describe what is visible,vision_query
what is on my screen for me,vision_query
would you what is on my screen,vision_query
scan my display,vision_query
describe this image if you can,vision_query
read the text on screen if you can,vision_query
can you analyze image from file,vision_query
analyze image from file,vision_query
do me a favor and read the current screen,vision_query
could you analyze this picture if you can,vision_query
analyze image from file right now,vision_query
recognize objects from camera,vision_query
describe this image if you can,vision_query
could you scan my display for me,vision_query
analyze this picture,vision_query
analyze image from file right now,vision_query
would you describe this image,vision_query
analyze the webcam view if you can,vision_query
inspect this image file right now,vision_query
read the text on screen,vision_query
recognize objects from camera,vision_query
analyze image from file,vision_query
describe what is visible,vision_query
can you analyze camera snapshot,vision_query
what do you see,vision_query
analyze this picture please,vision_query
can you analyze the webcam view,vision_query
please describe this image,vision_query
please describe what is visible,vision_query
describe what is visible,vision_query
do me a favor and describe this image,vision_query
please what do you see,vision_query
hey assistant read the text on screen,vision_query
read the text on screen for me,vision_query
could you what do you see please,vision_query
what is on my screen,vision_query
analyze image from file,vision_query
scan my display,vision_query
describe what is visible,vision_query
describe what is visible for me,vision_query
hey assistant read the current screen right now,vision_query
do me a favor and describe what is visible if you can,vision_query
analyze image from file for me,vision_query
would you recognize objects from camera,vision_query
analyze image from file for me,vision_query
do me a favor and read the text on screen,vision_query
recognize objects from camera,vision_query
analyze image from file please,vision_query
inspect this image file,vision_query
recognize objects from camera please,vision_query
recognize objects from camera if you can,vision_query
can you read the current screen,vision_query
describe what is visible right now,vision_query
describe what is visible for me,vision_query
what do you see,vision_query
analyze this picture right now,vision_query
analyze the webcam view right now,vision_query
do me a favor and analyze this picture,vision_query
recognize objects from camera,vision_query
read the text on screen if you can,vision_query
can you analyze camera snapshot,vision_query
can you what do you see,vision_query
analyze this picture right now,vision_query
read the text on screen,vision_query
can you scan my display,vision_query
do me a favor and what do you see,vision_query
can you what is on my screen,vision_query
read the text on screen right now,vision_query
can you inspect this image file,vision_query
could you what do you see,vision_query
analyze image from file right now,vision_query
analyze image from file please,vision_query
could you analyze image from file,vision_query
what is on my screen right now,vision_query
could you describe this image for me,vision_query
read the text on screen,vision_query
hey assistant what is on my screen,vision_query
analyze the webcam view right now,vision_query
analyze the webcam view,vision_query
hey assistant what is on my screen,vision_query
hey assistant recognize objects from camera,vision_query
analyze the webcam view if you can,vision_query
hey assistant analyze image from file,vision_query
what is on my screen,vision_query
would you describe what is visible right now,vision_query
analyze this picture if you can,vision_query
what is on my screen,vision_query
analyze the webcam view,vision_query
would you analyze the webcam view please,vision_query
what do you see,vision_query
could you read the current screen,vision_query
open my project report,file_control
locate project file,file_control
read notes file please,file_control
can you open downloads folder,file_control
open my documents,file_control
hey assistant open my project report,file_control
read notes file,file_control
could you find assignment pdf,file_control
open my documents,file_control
open my documents,file_control
locate project file,file_control
open my project report,file_control
open my documents,file_control
search for resume docx,file_control
locate project file,file_control
read the markdown file right now,file_control
do me a favor and open downloads folder if you can,file_control
open my documents,file_control
search for resume docx,file_control
do me a favor and read the markdown file,file_control
read notes file if you can,file_control
read the markdown file please,file_control
read the markdown file for me,file_control
would you open my project report for me,file_control
open my documents,file_control
read the markdown file,file_control
please open downloads folder for me,file_control
search for resume docx if you can,file_control
hey assistant find assignment pdf,file_control
could you find assignment pdf,file_control
read notes file,file_control
could you open downloads folder,file_control
hey assistant find assignment pdf,file_control
find the budget sheet,file_control
do me a favor and read the markdown file if you can,file_control
open my project report please,file_control
open my project report,file_control
open downloads folder,file_control
find assignment pdf please,file_control
please open my documents if you can,file_control
open my project report,file_control
hey assistant search for resume docx please,file_control
could you search for resume docx,file_control
hey assistant read the markdown file,file_control
could you open downloads folder for me,file_control
read the markdown file,file_control
do me a favor and read notes file right now,file_control
find assignment pdf,file_control
open my documents,file_control
find the budget sheet,file_control
read notes file,file_control
read the markdown file if you can,file_control
do me a favor and read notes file right now,file_control
open my documents,file_control
read the markdown file,file_control
open my documents,file_control
find the budget sheet,file_control
find the budget sheet,file_control
do me a favor and open my documents for me,file_control
find the budget sheet,file_control
search for resume docx right now,file_control
locate project file,file_control
open my project report,file_control
do me a favor and search for resume docx for me,file_control
could you search for resume docx,file_control
open downloads folder,file_control
open my project report,file_control
search for resume docx,file_control
do me a favor and read the markdown file for me,file_control
would you find assignment pdf,file_control
would you read notes file,file_control
would you open downloads folder,file_control
do me a favor and find assignment pdf for me,file_control
find assignment pdf,file_control
hey assistant locate project file,file_control
would you find assignment pdf please,file_control
can you find the budget sheet,file_control
open my documents right now,file_control
find the budget sheet,file_control
find assignment pdf,file_control
open downloads folder,file_control
hey assistant open my project report right now,file_control
open my project report please,file_control
could you open my documents if you can,file_control
read the markdown file,file_control
hey assistant read notes file,file_control
find the budget sheet,file_control
please read the markdown file,file_control
search for resume docx,file_control
can you read notes file,file_control
can you locate project file right now,file_control
do me a favor and search for resume docx,file_control
find the budget sheet,file_control
read notes file,file_control
please locate project file right now,file_control
hey assistant open downloads folder for me,file_control
please open downloads folder,file_control
open my documents,file_control
please find assignment pdf,file_control
find the budget sheet for me,file_control
show clipboard text please,clipboard_action
would you save this to clipboard,clipboard_action
please paste clipboard content please,clipboard_action
would you what is in clipboard,clipboard_action
paste from clipboard,clipboard_action
can you copy this text,clipboard_action
what is in clipboard,clipboard_action
paste from clipboard,clipboard_action
hey assistant save this to clipboard,clipboard_action
copy this text right now,clipboard_action
read clipboard for me,clipboard_action
would you what is in clipboard right now,clipboard_action
paste from clipboard,clipboard_action
read clipboard please,clipboard_action
would you save this to clipboard,clipboard_action
what is in clipboard,clipboard_action
hey assistant save this to clipboard,clipboard_action
hey assistant read clipboard,clipboard_action
save this to clipboard,clipboard_action
show clipboard text,clipboard_action
read clipboard right now,clipboard_action
what is in clipboard,clipboard_action
save to clipboard,clipboard_action
copy this text,clipboard_action
paste clipboard content,clipboard_action
could you save to clipboard,clipboard_action
save to clipboard,clipboard_action
save to clipboard,clipboard_action
do me a favor and read clipboard,clipboard_action
save this to clipboard right now,clipboard_action
hey assistant paste from clipboard,clipboard_action
show clipboard text if you can,clipboard_action
what is in clipboard,clipboard_action
save to clipboard please,clipboard_action
save this to clipboard,clipboard_action
read clipboard,clipboard_action
would you save this to clipboard,clipboard_action
copy this sentence,clipboard_action
copy this text,clipboard_action
save to clipboard,clipboard_action
what is in clipboard for me,clipboard_action
copy this sentence,clipboard_action
show clipboard text for me,clipboard_action
what is in clipboard,clipboard_action
save to clipboard,clipboard_action
what is in clipboard,clipboard_action
save this to clipboard,clipboard_action
save to clipboard,clipboard_action
copy this sentence,clipboard_action
paste from clipboard,clipboard_action
paste from clipboard please,clipboard_action
paste from clipboard for me,clipboard_action
read clipboard,clipboard_action
copy this sentence,clipboard_action
save this to clipboard if you can,clipboard_action
paste from clipboard,clipboard_action
can you copy this text,clipboard_action
do me a favor and save this to clipboard for me,clipboard_action
can you what is in clipboard,clipboard_action
please show clipboard text,clipboard_action
do me a favor and never mind right now,stop_cancel
please abort,stop_cancel
stop listening for me,stop_cancel
please be quiet,stop_cancel
stop,stop_cancel
hey assistant drop it,stop_cancel
be quiet,stop_cancel
please cancel that,stop_cancel
stop listening,stop_cancel
stop listening,stop_cancel
drop it please,stop_cancel
drop it,stop_cancel
hey assistant drop it please,stop_cancel
please cancel operation,stop_cancel
stop,stop_cancel
please be quiet please,stop_cancel
cancel operation please,stop_cancel
be quiet right now,stop_cancel
forget it,stop_cancel
forget it right now,stop_cancel
can you forget it for me,stop_cancel
stop listening,stop_cancel
do me a favor and stop listening,stop_cancel
do me a favor and cancel that,stop_cancel
please cancel operation,stop_cancel
abort for me,stop_cancel
hey assistant stop listening for me,stop_cancel
would you stop listening,stop_cancel
never mind,stop_cancel
hey assistant cancel that,stop_cancel
can you stop listening right now,stop_cancel
could you cancel operation right now,stop_cancel
cancel operation for me,stop_cancel
hey assistant abort for me,stop_cancel
never mind,stop_cancel
never mind,stop_cancel
stop if you can,stop_cancel
stop listening for me,stop_cancel
cancel that,stop_cancel
would you be quiet,stop_cancel
stop right now,stop_cancel
cancel operation,stop_cancel
do me a favor and stop listening,stop_cancel
stop listening right now,stop_cancel
can you cancel that for me,stop_cancel
cancel operation for me,stop_cancel
can you stop,stop_cancel
can you abort,stop_cancel
forget it please,stop_cancel
could you stop,stop_cancel
never mind,stop_cancel
please cancel operation,stop_cancel
abort,stop_cancel
cancel that,stop_cancel
abort right now,stop_cancel
cancel that,stop_cancel
please cancel operation,stop_cancel
would you never mind,stop_cancel
do me a favor and abort for me,stop_cancel
can you be quiet please,stop_cancel
stop listening,stop_cancel
forget it if you can,stop_cancel
do me a favor and forget it if you can,stop_cancel
please never mind right now,stop_cancel
stop listening,stop_cancel
be quiet,stop_cancel
can you be quiet,stop_cancel
can you stop listening for me,stop_cancel
drop it if you can,stop_cancel
hey assistant abort for me,stop_cancel
hey assistant stop if you can,stop_cancel
forget it,stop_cancel
forget it if you can,stop_cancel
would you stop,stop_cancel
abort please,stop_cancel
would you never mind,stop_cancel
stop listening,stop_cancel
please stop for me,stop_cancel
stop listening,stop_cancel
cancel operation,stop_cancel
